m_id,m_url
2,https://youtu.be/CLBIJKapd0M
3,https://youtu.be/Eu1pvYWNp3o
4,https://youtu.be/1ShUO9CxgC0
5,https://youtu.be/jlXXe530Py8
6,https://youtu.be/RFUlO16mbb8
7,https://youtu.be/UuKuLdTKgC8
8,https://youtu.be/ocafQUyDHQA
10,https://youtu.be/taUIjSpwzII
11,https://youtu.be/_HxJRGkx28g
12,https://youtu.be/DNqxeEhPbUs
13,https://youtu.be/ipnPrnBppvQ
14,https://youtu.be/UfIRyP-bq1U
15,https://youtu.be/rN_kKFsmaPI
16,https://youtu.be/05i9YMvn46M
17,https://youtu.be/wpgB2l58-g0
18,https://youtu.be/OfWjzxeK43U
19,https://youtu.be/GCxpMYg9JQU
20,https://youtu.be/f-mTnl3NmG4
22,https://youtu.be/dJfC3StLEuQ
23,https://youtu.be/98SXXjbuvuQ
24,https://youtu.be/2hulET9tn9M
25,https://youtu.be/Vt4zSf3CfRA
26,https://youtu.be/4DlT1yI7CSM
27,https://youtu.be/RieKMuySd_w
28,https://youtu.be/8eXZ97tRIK0
29,https://youtu.be/4t1_35xiub4
30,https://youtu.be/Y9DhPcqdZgk
32,https://youtu.be/vonHDBVzu6I
33,https://youtu.be/WRMKSMGp5qo
34,https://youtu.be/f8lyyT0dQ9Y
35,https://youtu.be/tgrpP1Tham8
36,https://youtu.be/8yLeJHcyfww
37,https://youtu.be/PrhdGOlsSRA
38,https://youtu.be/XAgL9kQmQvY
39,https://youtu.be/8U8EXQgNYRg
43,https://youtu.be/r133efMPSaI
44,https://youtu.be/8pXn3Mm0h1Q
45,https://youtu.be/1TG3Bnmti-c
46,https://youtu.be/7Mj82cPRqn4
47,https://youtu.be/nwr1A-KPopM
48,https://youtu.be/fRodgluj11A
49,https://youtu.be/tfkHiHjrqa8
50,https://youtu.be/gZGmDKxEp-I
52,https://youtu.be/MhKyFMKVtBk
53,https://youtu.be/Ayh4C4B_Fv8
54,https://youtu.be/QtMJO_iADEs
55,https://youtu.be/WsIk-tOzdFc
56,https://youtu.be/vGlT2n2f4Zg
57,https://youtu.be/zrljKsLzL6c
58,https://youtu.be/W76-yIbb6JQ
59,https://youtu.be/fmxOqxowOGI
60,https://youtu.be/xpAg0spgFJA
61,https://youtu.be/pOXMt5O4Ly4
62,https://youtu.be/yVJYfkNqsjI
63,https://youtu.be/wraGWEcTz4k
64,https://youtu.be/zoDUxs3rlRU
65,https://youtu.be/0ubOByKQCCY
66,https://youtu.be/nXNJ-6qpU6c
67,https://youtu.be/LEWBXpgLKec
68,https://youtu.be/PyKfUHQqFk0
69,https://youtu.be/C9oo-ZPB5oI
70,https://youtu.be/hMNJwUUHMxc
71,https://youtu.be/dbp5Slz5UX8
72,https://youtu.be/AGoCOvxUK1Q
73,https://youtu.be/4OxFSy8G5wk
74,https://youtu.be/BJ7rjR1X_3k
75,https://youtu.be/SwCYHXRB50U
76,https://youtu.be/2oGD6aoqOLo
77,https://youtu.be/j7eVX9uYoyU
78,https://youtu.be/LKe0wARmks4
80,https://youtu.be/Pfvp7kCpbXk
81,https://youtu.be/BvbVF2Q9qgM
82,https://youtu.be/MWirwgVhKqY
83,https://youtu.be/xoQuu7GPxAI
84,https://youtu.be/NBTZiQkX9MM
85,https://youtu.be/sO0xNrjtYOA
86,https://youtu.be/8vIux5EO7ck
87,https://youtu.be/kagzOJsHBg4
88,https://youtu.be/6Zi8OkIZN6M
89,https://youtu.be/BB0C5V8OPVI
90,https://youtu.be/IwYcU3RSgWI
91,https://youtu.be/kXpyzMeDBHI
92,https://youtu.be/2p790KjDWes
93,https://youtu.be/Zv-r4g2txZs
94,https://youtu.be/c2AyOsiEhts
95,https://youtu.be/3p_OsSnvKlU
96,https://youtu.be/6DkcSYfbUZ8
97,https://youtu.be/V8RYYSli0XU
98,https://youtu.be/wK9UpayE6ro
99,https://youtu.be/y_0APzy4BcU
100,https://youtu.be/b9TE3226T-g
101,https://youtu.be/1mrGt1Xzkwg
102,https://youtu.be/j14nx50tzsQ
103,https://youtu.be/PJnbniBJrvQ
104,https://youtu.be/PSNgJTx1Q7U
105,https://youtu.be/YTymSwtERhg
106,https://youtu.be/J7HPyUcy37I
107,https://youtu.be/zeuepN7YuPY
108,https://youtu.be/s4FnAOg6N5c
109,https://youtu.be/57Ef6egT4kE
110,https://youtu.be/_BbYv2-q4Fs
111,https://youtu.be/efxr8CX6aXU
112,https://youtu.be/bsr1owuAw7c
113,https://youtu.be/-swbJ_omARE
114,https://youtu.be/Gvtraav5RK0
115,https://youtu.be/vc7Bh76Sapk
117,https://youtu.be/7OlJjr1GuNk
118,https://youtu.be/xi8ZNryJM20
119,https://youtu.be/8Pk9yNy-kig
120,https://youtu.be/gL7-cg9aQTA
121,https://youtu.be/KA_JwkKBtL8
122,https://youtu.be/CaZ_idT2ZDs
123,https://youtu.be/hXT29Fs8meQ
124,https://youtu.be/9qfoQX9T_ow
125,https://youtu.be/A4fzObZKLrc
126,https://youtu.be/aXeUVkc17Mc
127,https://youtu.be/6KVhbRTx0eE
128,https://youtu.be/Nf8o4qLnWM0
129,https://youtu.be/Ta8_5O9RUZ0
130,https://youtu.be/bsGAsJBW6zM
131,https://youtu.be/Hf-LUljc2Iw
132,https://youtu.be/2zjCRCgmWNM
133,https://youtu.be/an_0IIRDlc4
134,https://youtu.be/fV64GCRiTPg
135,https://youtu.be/aLIoycHuLUE
136,https://youtu.be/QUN6M5t5iyo
137,https://youtu.be/V0Kcc0H9iz0
138,https://youtu.be/FAGO4mLigk0
139,https://youtu.be/IEpTbSMXxO0
140,https://youtu.be/pYnLO7MVKno
141,https://youtu.be/-VYMrLirXFY
142,https://youtu.be/98MGdZ5dYi8
143,https://youtu.be/5HkBxcJJ2cE
144,https://youtu.be/fIhKqaNp4Dc
145,https://youtu.be/gJpHU--A--8
146,https://youtu.be/sARq7qAqqc0
147,https://youtu.be/tBTKScxGes8
148,https://youtu.be/RTE8KZ9UND4
149,https://youtu.be/yu6_Zcraz-U
150,https://youtu.be/IZWg94hJ_SQ
151,https://youtu.be/f0c69bjusak
152,https://youtu.be/DK6yXtieHzI
153,https://youtu.be/dwJ4YTu3lt4
154,https://youtu.be/gj8dGc-pvIg
155,https://youtu.be/V-OQFslDKiI
156,https://youtu.be/VwVnKIgL2P8
157,https://youtu.be/BH7Um6CQ1ho
158,https://youtu.be/u3SzOzm8lmo
159,https://youtu.be/BZAOiKhgELc
160,https://youtu.be/V-AiGlgHUk8
162,https://youtu.be/e6oYHRfMJTo
163,https://youtu.be/N8ModNHH9Ck
164,https://youtu.be/58kB5hk_tuM
165,https://youtu.be/-WGEb3XRqh4
166,https://youtu.be/xPHXQmJPmlo
167,https://youtu.be/HxRmm9osB8k
168,https://youtu.be/47Hg0QIo1x8
169,https://youtu.be/R8KV_uelhZs
170,https://youtu.be/tLFjpf39gPc
171,https://youtu.be/dmAOxj9fKMY
172,https://youtu.be/evlYj4N1Hvk
173,https://youtu.be/pK-9pAEmN9g
174,https://youtu.be/sZZQ2qgm93c
175,https://youtu.be/yLvonhdeKuI
176,https://youtu.be/B6zM_jcnkWA
177,https://youtu.be/SKwI7yW8eQE
178,https://youtu.be/OtNIvUwKLyE
179,https://youtu.be/w4nybAZV5Js
180,https://youtu.be/yHmQsWyCP3Q
181,https://youtu.be/ljfAKvpRhVo
182,https://youtu.be/LO_TVejfu80
183,https://youtu.be/Ji-LuAda8O8
184,https://youtu.be/cHyqJuD2a3s
185,https://youtu.be/OL4sO4mxVkA
186,https://youtu.be/Z6JdBZNzvSg
187,https://youtu.be/Eq6EYcpWB_c
188,https://youtu.be/wbWVqADWOJk
189,https://youtu.be/XhifCN4HEQY
190,https://youtu.be/9Fz643eoii4
191,https://youtu.be/kx6uHOrCmRI
193,https://youtu.be/boIq-ep5A9g
194,https://youtu.be/a772kuDLGO8
195,https://youtu.be/oNJ4aBoRipg
196,https://youtu.be/CR2P6deM4-U
197,https://youtu.be/4Ls7jAY5xjI
198,https://youtu.be/_3_dBxBi84I
199,https://youtu.be/iHoOQt-_bYc
200,https://youtu.be/3p_akFHl0gE
201,https://youtu.be/xciqG4eLDAE
202,https://youtu.be/Tpf-F9uPcis
203,https://youtu.be/kywE5q58zGQ
204,https://youtu.be/LGQCPOMcYJQ
205,https://youtu.be/5ubcQslskrw
206,https://youtu.be/YxFcsBer2do
207,https://youtu.be/C5nXhKMizHA
208,https://youtu.be/FJL0FmreiUw
209,https://youtu.be/vKEq4PcIRm0
210,https://youtu.be/gc6kDrqKNTw
211,https://youtu.be/bIqpp3_fTnc
212,https://youtu.be/qWiMYtNWsu4
213,https://youtu.be/De3AxQsk0EQ
214,https://youtu.be/Y7mu2EZvDXE
215,https://youtu.be/7oVw6LoCls4
216,https://youtu.be/eS1q-vjXDIY
217,https://youtu.be/cltm1oDQSRQ
218,https://youtu.be/3Mb2jKmff_Q
219,https://youtu.be/rQW5Cotnmyk
220,https://youtu.be/2lTsGjejLf0
221,https://youtu.be/jWXBug4B8BA
303,https://youtu.be/rLmuWc8ja1s
400,https://youtu.be/8STIFG9EtQw
597,https://youtu.be/OJn8s6VftiU
751,https://youtu.be/6QQDWmSSDfk
937,https://youtu.be/E28D5fTzs-Y
1173,https://youtu.be/qHxebm8sLt0
1177,https://youtu.be/hfK5scInd3U
1279,https://youtu.be/rqUrR69gMcc
1304,https://youtu.be/ykmTfjHfdNM
1381,https://youtu.be/qtg8Fce2YSE
1392,https://youtu.be/_-_CoZnjpfc
1432,https://youtu.be/Q4_Lgz8d-8A
1458,https://youtu.be/bYdgTU3AHf8
1574,https://youtu.be/k8jUMewhLRI
1901,https://youtu.be/WK2KHPmACug
1934,https://youtu.be/ioeh7tb0ELs
1976,https://youtu.be/DpdO0fM5jCc
2040,https://youtu.be/6nqN_7eGItM
2042,https://youtu.be/AGNJC-JoTHU
2064,https://youtu.be/cPzcBRqqgyw
2126,https://youtu.be/PozVlhR20TE
2133,https://youtu.be/huT546GDFDc
2174,https://youtu.be/AgTB3tV_Fl8
2275,https://youtu.be/gUtTtjJwEr8
2270,https://youtu.be/baFzdQiv6Gs
2353,https://youtu.be/loeU-MZSX0k
2360,https://youtu.be/1dNkQoE76nY
2425,https://youtu.be/jsDej6oqn7s
2555,https://youtu.be/yoEkbYhbJDc
2559,https://youtu.be/ycvqbaKJqVo
2587,https://youtu.be/WeXmb8G6iDU
2680,https://youtu.be/C1KsmjkzvFc
2683,https://youtu.be/zEtHhrKMINM
2777,https://youtu.be/6xPGD0KvC7Y
2789,https://youtu.be/BSP3X-j9p0o
3290,https://youtu.be/wpUq5P9EDT4
3311,https://youtu.be/ZzKDOmiDN0g
3385,https://youtu.be/sbwT8yJjtUQ
3503,https://youtu.be/5bkQnQhAd5I
3528,https://youtu.be/uYkDP5xDoO8
3718,https://youtu.be/iXpGVuaQwXo
3751,https://youtu.be/QAod0dwrvOE
3899,https://youtu.be/QMHebvrrl18
3993,https://youtu.be/-lNqHleBzSM
4004,https://youtu.be/ZNO1pG2r4xw
4102,https://youtu.be/RUA-taX_6wM
4336,https://youtu.be/yZTh73TGe_w
4337,https://youtu.be/FwqbUAqGTqU
4367,https://youtu.be/Klwxa6G1m54
4420,https://youtu.be/n_Ku789_xVo
4471,https://youtu.be/uTErr5pGmZc
4570,https://youtu.be/7Sc19z3kGN0
4583,https://youtu.be/WXjpVpzTcq4
4665,https://youtu.be/szzi6vJD2Wo
4666,https://youtu.be/1gQ3SV3iSps
4683,https://youtu.be/O5uYQF4R-jo
4684,https://youtu.be/fVs_Up46p40
4707,https://youtu.be/r_mc1kbdi6U
4719,https://youtu.be/Z7QJGdv-3IY
4721,https://youtu.be/bUfwFurL0xU
4859,https://youtu.be/whyZbsW7Cpg
5000,https://youtu.be/bsVRL4A5OWk
5184,https://youtu.be/6zj44DXcY5s
5226,https://youtu.be/FyaDPNEsqik
5256,https://youtu.be/XxYjzfMMp0s
5323,https://youtu.be/1q2_A7y4QDw
5338,https://youtu.be/WooejwqqRDM
5353,https://youtu.be/Oj5Z0AXmF6I
5394,https://youtu.be/ytGpA0MGxqI
5608,https://youtu.be/--3PSUIfEmw
5671,https://youtu.be/d1DLST1VtGA
5709,https://youtu.be/XUVedD2NpJs
5751,https://youtu.be/3j2lHqTCi9E
5856,https://youtu.be/3sIcEZSOZEg
5938,https://youtu.be/ccd1puHxfwo
6506,https://youtu.be/dNOUpHH8EfI
6694,https://youtu.be/hK1pAjNgp6A
6808,https://youtu.be/LKP-vZvjbh8
6835,https://youtu.be/W2VhKNo81U0
6868,https://youtu.be/mXCobNIDDuE
6879,https://youtu.be/OPqql7Mhmf4
7005,https://youtu.be/voDBjzXURig
7093,https://youtu.be/sfFv3MTPdkw
7114,https://youtu.be/r40iuteVSzY
7125,https://youtu.be/SkRfebpPsRk
7193,https://youtu.be/iug12DnMNHQ
7283,https://youtu.be/mL_NN4MT3tA
7295,https://youtu.be/75ZQ_KJtzw8
7544,https://youtu.be/rXhadgVEZ7o
7577,https://youtu.be/20m00ohYASw
7595,https://youtu.be/Gylt8ruHwjE
7641,https://youtu.be/-kKebTQwNMA
7792,https://youtu.be/n_Ku789_xVo
7836,https://youtu.be/SNG_S86cGNA
7939,https://youtu.be/lhpE_89nhW0
7966,https://youtu.be/JVu7-XSI_OM
7972,https://youtu.be/gWHHVtVQHzE
7807,https://youtu.be/5l36LXFTXDk
8090,https://youtu.be/-JLSynxh4ss
8104,https://youtu.be/XxYjzfMMp0s
8170,https://youtu.be/uPfgX_z8oX0
8317,https://youtu.be/UPcVhBofFmM
8324,https://youtu.be/n_Ku789_xVo
8328,https://youtu.be/6Xx7WEqCGsU
8329,https://youtu.be/e91G8m9uM_0
8335,https://youtu.be/4GNTfA-seHY
8545,https://youtu.be/MXfkW_3b7pA
8589,https://youtu.be/DxR0oZ70zn8
8617,https://youtu.be/s4hg0jiKKJ4
8648,https://youtu.be/6slgHkcpRoU
8946,https://youtu.be/Znzeeo64yiM
8967,https://youtu.be/7obdcxCTx0A
9029,https://youtu.be/d4s2RUByxAY
9880,https://youtu.be/hFru_ICbsrM
9195,https://youtu.be/WUDWBg4cFiw
9204,https://youtu.be/lQqNprZPTLY
9206,https://youtu.be/jIxuKMU4jjQ
9273,https://youtu.be/W37W5GslZQo
9377,https://youtu.be/eZN3afhTyGY
9459,https://youtu.be/lnrH54_I_LM
9650,https://youtu.be/01I89HYHztE
9802,https://youtu.be/GhGTc6p8sg0
9842,https://youtu.be/fYaf1tQtAKg
9857,https://youtu.be/I43E_WeyRuY
9858,https://youtu.be/7U7BDn-gU18
10046,https://youtu.be/CXpKwLZeyZo
10104,https://youtu.be/PPg9yj3QILE
10314,https://youtu.be/d89fCl1F6lM
10326,https://youtu.be/vFFyX928D9k
10612,https://youtu.be/-D9iMbaJCg4
10635,https://youtu.be/0al9QBt0qsA
11120,https://youtu.be/6rX1EtxwLbk
11692,https://youtu.be/qHOUXw4RyB8
11175,https://youtu.be/_w23ygnjuK8
11176,https://youtu.be/I9uQNtEUMa8
11778,https://youtu.be/SvTb43SY460
11779,https://youtu.be/zEtHhrKMINM
11780,https://youtu.be/TQTam1zQe0o
11965,https://youtu.be/jhYg5NrN-r8
12019,https://youtu.be/5aytFmOSWAg
12179,https://youtu.be/UB3JzCvXVEo
12233,https://youtu.be/tF4faMbs5oQ
12545,https://youtu.be/LnWt7lV3a5k
12550,https://youtu.be/tlXqYofyQNY
12605,https://youtu.be/Yb-H2KALpXA
12625,https://youtu.be/xnLHvKsTz78
12889,https://youtu.be/GhXpbeKcHu0
13002,https://youtu.be/_298ypi_OmU
13072,https://youtu.be/knRKlk48LSU
13096,https://youtu.be/xafs1XiNbuk
13522,https://youtu.be/jMAqzd9CgQM
13739,https://youtu.be/2S4qGKmzBJE
13749,https://youtu.be/-_cWW0TuwDc
13756,https://youtu.be/B6uA456YO1I
13762,https://youtu.be/DwQ2lnrvaPQ
13859,https://youtu.be/Vy9lwZ4Bh64
14110,https://youtu.be/_3CKwi0ViJQ
14112,https://youtu.be/-jJzyrbReXU
14130,https://youtu.be/FC5TqeS9ATo
14220,https://youtu.be/EJXzGanJAU4
14229,https://youtu.be/F0qfqK3YrGE
14295,https://youtu.be/7p6O6kIhl-E
14420,https://youtu.be/0S0ty44JPao
14594,https://youtu.be/trVzobc7JgU
14644,https://youtu.be/7YnI1h8HNZo
14661,https://youtu.be/JhewdNTz1Zg
15152,https://youtu.be/7vG4HLviqLU
15781,https://youtu.be/8iP8xXXdvoU
15788,https://youtu.be/HES-y0LH9Xo
15791,https://youtu.be/49YTHLkcPZE
11652,https://youtu.be/kZA09LFtCig






